[
  {
    "Key": "",
    "Dir": "."
  },
  {
    "Key": "eks",
    "Source": "terraform-aws-modules/eks/aws",
    "Version": "17.1.0",
    "Dir": ".terraform\\modules\\eks"
  },
  {
    "Key": "eks.fargate",
    "Source": "./modules/fargate",
    "Dir": ".terraform\\modules\\eks\\modules\\fargate"
  },
  {
    "Key": "eks.node_groups",
    "Source": "./modules/node_groups",
    "Dir": ".terraform\\modules\\eks\\modules\\node_groups"
  },
  {
    "Key": "vpc",
    "Source": "terraform-aws-modules/vpc/aws",
    "Version": "2.66.0",
    "Dir": ".terraform\\modules\\vpc"
  }
]